40285165418,Lois,Roberts,lrobertsqi@elegantthemes.com,Guatemala,diners-club-carte-blanche
16647536853,Theresa,Carr,tcarr5c@weibo.com,Belarus,jcb
20881560835,Nicole,Reid,nreid7i@businessinsider.com,Philippines,jcb
19087767380,Andrew,Arnold,aarnoldgo@google.ru,China,jcb
42870158117,Daniel,Alexander,dalexanderp8@comcast.net,China,visa
64144114405,Ralph,Ortiz,rortizh8@whitehouse.gov,Indonesia,bankcard
69416854924,Carol,Jordan,cjordan5b@goo.gl,Macedonia,bankcard
66545950466,Christine,Walker,cwalkerf7@twitter.com,Indonesia,instapayment
31945902371,Carol,Jones,cjonesmz@ifeng.com,Japan,americanexpress
91621867084,Howard,Little,hlittle5h@google.com.au,Portugal,jcb
66580785823,Justin,Medina,jmedinako@admin.ch,China,americanexpress
82018143315,Lillian,Hunter,lhunter76@ycombinator.com,Nicaragua,jcb
74467489171,Charles,Fowler,cfowler5s@multiply.com,Morocco,jcb
17331193273,Gary,Evans,gevans6y@whitehouse.gov,Thailand,jcb
49270957298,Bonnie,Garrett,bgarrett3l@redcross.org,Finland,jcb
00879000729,Nicholas,Stephens,nstephensq1@github.com,Russia,mastercard
44059048864,Victor,Williams,vwilliamsg0@live.com,Mexico,visa-electron
46881495061,Randy,Parker,rparkere2@artisteer.com,Sweden,visa-electron
04616529612,Matthew,Spencer,mspencerhn@google.com,China,maestro
56679462391,Heather,Meyer,hmeyerhw@yelp.com,Canada,switch
06350336989,Amy,Shaw,ashawd@newyorker.com,Philippines,jcb
35780228900,Edward,Long,elongel@e-recht24.de,Bosnia and Herzegovina,jcb
77184046427,Susan,Lee,sleeiy@google.com.hk,Russia,jcb
28941133621,Jimmy,Alexander,jalexander6c@xing.com,Ivory Coast,visa-electron
29051966279,Patrick,Palmer,ppalmerf7@stumbleupon.com,Poland,jcb
29507428896,Stephanie,Hart,sharto3@state.gov,Poland,maestro
83995508595,Gloria,Dean,gdean5h@angelfire.com,Cambodia,visa-electron
34336417740,Annie,Ellis,aellis1@flickr.com,Canada,visa-electron
37653299587,David,Johnson,djohnsonfp@w3.org,China,jcb
08142671746,Janet,Reed,jreedcr@cnet.com,Uganda,jcb
57812187104,Nicholas,Ellis,nellisnm@virginia.edu,United Kingdom,jcb
72870188977,Anthony,Jordan,ajordanhe@answers.com,China,jcb
93403340271,Robin,Riley,rrileyg5@slashdot.org,Indonesia,solo
24570750453,Irene,Woods,iwoodsk6@wired.com,China,jcb
65690434687,Walter,Ellis,wellisq9@google.it,Portugal,mastercard
09666725933,Gary,Owens,gowens3o@chron.com,Chile,switch
49286462463,Kimberly,Watson,kwatson5s@opera.com,Thailand,jcb
72098469096,Cynthia,Lane,clanej8@apple.com,Tunisia,china-unionpay
44743932086,Bobby,Russell,brussellks@usnews.com,China,mastercard
21071295625,Angela,Hicks,ahicks12@cmu.edu,Indonesia,jcb
10176902626,Jason,Hall,jhallme@pagesperso-orange.fr,China,visa
34914949010,Doris,Arnold,darnold9x@mapy.cz,Nigeria,jcb
24724204850,Ryan,Edwards,redwardsib@abc.net.au,Finland,mastercard
82518429588,Irene,Harris,iharrisny@yolasite.com,Thailand,china-unionpay
64453154033,Eugene,Peterson,epetersono1@bizjournals.com,Thailand,jcb
03522360715,Harry,Evans,hevansm9@cbslocal.com,Russia,jcb
02094515347,Marilyn,Rogers,mrogers2b@google.de,China,switch
91034499100,Diana,Graham,dgrahamr7@foxnews.com,Venezuela,mastercard
68076806775,Phillip,Nichols,pnicholsop@yahoo.co.jp,Syria,jcb
05080777147,Raymond,West,rwesthk@paginegialle.it,Ecuador,americanexpress
88030528642,Cheryl,Wheeler,cwheelerbj@indiatimes.com,Czech Republic,visa
78436762861,Cheryl,Riley,criley4o@deviantart.com,China,bankcard
08355652660,Laura,Daniels,ldanielshd@boston.com,China,bankcard
86018519790,Howard,Butler,hbutler28@loc.gov,United States,jcb
50208901700,Todd,Harper,tharper9o@psu.edu,Indonesia,laser
89054056380,Karen,Thomas,kthomas93@howstuffworks.com,Nigeria,maestro
52641041058,Maria,Palmer,mpalmere7@pagesperso-orange.fr,China,jcb
65845420983,Jonathan,Wells,jwellsjg@parallels.com,Indonesia,jcb
44148694570,Marie,Lewis,mlewisa1@barnesandnoble.com,Russia,bankcard
24806017332,Gloria,Dunn,gdunn61@nih.gov,Poland,jcb
70637458497,Stephen,Crawford,scrawfordj5@fastcompany.com,Dominican Republic,mastercard
09536335833,Marie,Stewart,mstewart8s@aboutads.info,China,jcb
38353265827,Kenneth,Olson,kolson3y@dropbox.com,Tonga,china-unionpay
14684203082,Chris,Howard,chowardcn@a8.net,Russia,switch
15015959007,Denise,Hicks,dhicksjh@google.pl,Sweden,jcb
45249767792,Mark,Howard,mhoward8q@forbes.com,China,mastercard
72891935761,Jennifer,Snyder,jsnyderec@usda.gov,Ecuador,bankcard
16239654040,Jason,Patterson,jpatterson3t@youku.com,Mexico,visa-electron
35780229284,Ruth,Green,rgreennc@msn.com,Indonesia,laser
03810671819,Roger,Williams,rwilliams7u@tinypic.com,Philippines,jcb
40790923428,Janice,Welch,jwelch1z@zimbio.com,China,visa-electron
56147277573,Dennis,Andrews,dandrewsqh@chicagotribune.com,Netherlands,diners-club-carte-blanche
26213042152,Walter,Mills,wmills1m@seattletimes.com,Portugal,jcb
72737550226,Doris,Sullivan,dsullivannu@angelfire.com,Mexico,jcb
89741477524,Dennis,Ferguson,dfergusonjx@ftc.gov,Indonesia,jcb
06782131501,Donna,Ford,dfordbt@spotify.com,Indonesia,jcb
76562656960,Phyllis,Thomas,pthomas4u@wikia.com,Poland,visa
68211697125,Rebecca,Payne,rpayneen@fda.gov,Brazil,bankcard
00328747483,Ernest,Wood,ewoodqm@fotki.com,China,jcb
89752028171,Barbara,Castillo,bcastillo41@mayoclinic.com,Russia,diners-club-us-ca
69797857305,Ann,Crawford,acrawfordmz@squidoo.com,Russia,switch
22962324547,Gloria,Garrett,ggarrettg9@omniture.com,Afghanistan,jcb
12026947865,Julie,Murphy,jmurphyeq@constantcontact.com,Colombia,jcb
46696622085,Christina,Williams,cwilliams1p@google.fr,Kazakhstan,diners-club-enroute
07758400135,Ernest,Harper,eharper95@timesonline.co.uk,Sweden,laser
57517752382,Rose,Carr,rcarrk9@lulu.com,Philippines,jcb
13539911174,Angela,Gray,agrayrd@de.vu,Sweden,jcb
43598001295,Theresa,Jenkins,tjenkinsbg@reddit.com,Indonesia,maestro
30247637152,Brenda,Reyes,breyesl3@mayoclinic.com,China,jcb
75835134338,Kathryn,Sanders,ksanders32@yandex.ru,Tunisia,jcb
73832297908,Rose,Walker,rwalkerig@hostgator.com,China,maestro
25204422919,Cheryl,Olson,colsonl9@narod.ru,China,jcb
39922282366,Judith,Stanley,jstanleypb@smh.com.au,Japan,jcb
46725079785,Michelle,Holmes,mholmesfz@biglobe.ne.jp,China,china-unionpay
81376006753,Paula,Wood,pwoodob@bbb.org,Philippines,jcb
02043153260,Clarence,Hughes,chughes3u@nhs.uk,China,jcb
48880870957,Maria,Bell,mbellhf@tuttocitta.it,Sweden,china-unionpay
02928697056,Johnny,Ward,jward4b@ezinearticles.com,Bulgaria,jcb
29927395112,Brenda,Mendoza,bmendozae9@list-manage.com,Mozambique,jcb
60913067332,Gary,Castillo,gcastillooh@indiatimes.com,Philippines,china-unionpay
00524915547,Robert,Schmidt,rschmidtfq@ibm.com,Palestinian Territory,mastercard
33130015903,Jean,Snyder,jsnyder22@marketwatch.com,Colombia,americanexpress
32469860202,Martha,Hicks,mhicksrn@macromedia.com,Sweden,mastercard
77212361083,Wayne,Miller,wmiller8e@amazon.co.uk,Haiti,jcb
23324839475,James,Walker,jwalker3c@wunderground.com,Japan,americanexpress
08971380851,Willie,Cunningham,wcunningham62@usatoday.com,Greece,jcb
16675742776,Gary,Romero,gromero65@photobucket.com,China,bankcard
48101693228,Beverly,Burke,bburke23@shareasale.com,South Africa,jcb
72119580834,Billy,Fisher,bfisher1g@fotki.com,Azerbaijan,maestro
82233605542,Gloria,Freeman,gfreeman6y@cbslocal.com,Poland,maestro
73719320554,Ruth,Gilbert,rgilbertft@altervista.org,Greece,mastercard
95507190299,Jose,Fuller,jfullerjd@google.ru,Portugal,jcb
71025366378,Carol,Peterson,cpeterson8d@sfgate.com,Brazil,maestro
80524239342,Sarah,Bowman,sbowman3v@constantcontact.com,France,jcb
04519530894,Judith,Cox,jcoxqc@github.io,Colombia,china-unionpay
72737293268,Kathy,Larson,klarsonmy@cnn.com,China,laser
08570327811,Richard,Holmes,rholmesm4@dailymotion.com,China,diners-club-carte-blanche
37420362391,Doris,Morrison,dmorrisonk6@ucoz.ru,Japan,jcb
27111008169,Ralph,Adams,radams3j@yandex.ru,Brazil,jcb
30947660926,Benjamin,Myers,bmyersbh@cnn.com,Swaziland,diners-club-enroute
07122323699,Margaret,Thompson,mthompsonnb@taobao.com,Ukraine,jcb
24510336350,Susan,Snyder,ssnyder3p@surveymonkey.com,Spain,visa
61002989081,Lillian,Fox,lfox3x@nih.gov,Madagascar,maestro
86171790283,Catherine,Bowman,cbowmanan@reference.com,Greece,visa-electron
37854872246,Gerald,Hudson,ghudsonns@nih.gov,Albania,visa-electron
73550247212,William,Shaw,wshawil@naver.com,Sweden,switch
39566053874,Marilyn,Bowman,mbowmanqp@github.com,France,maestro
78632561880,Aaron,Willis,awillisnh@squarespace.com,Indonesia,switch
08726162277,Fred,Carr,fcarrr9@skype.com,Chad,visa-electron
37914704355,Christine,Robinson,crobinson4t@ibm.com,Greece,mastercard
63947479045,Douglas,King,dking4c@shareasale.com,China,maestro
09208451784,Melissa,Washington,mwashington21@blogs.com,Portugal,mastercard
26860240396,Frank,Olson,folson3@webeden.co.uk,Myanmar,mastercard
20752537843,Rose,Cole,rcolep6@blogtalkradio.com,Sweden,bankcard
13598947213,Julia,Simpson,jsimpsongc@java.com,China,jcb
71887706659,Clarence,Moreno,cmoreno74@who.int,United States,jcb
51098042267,Jimmy,Carter,jcarternk@cmu.edu,Indonesia,diners-club-enroute
41935960375,Nicholas,Carr,ncarrgw@mediafire.com,Pitcairn,diners-club-us-ca
28456508862,Virginia,James,vjamesg6@apple.com,Uzbekistan,solo
91558647681,Johnny,Wheeler,jwheelerin@woothemes.com,Ukraine,jcb
40848417707,Charles,Cole,ccoleh9@bbb.org,China,americanexpress
29098134279,Lisa,Campbell,lcampbellb9@merriam-webster.com,Ukraine,diners-club-carte-blanche
76837149676,Diana,Martin,dmartin2@tripod.com,United States,jcb
53392484565,Philip,George,pgeorgeon@guardian.co.uk,Poland,visa-electron
19828924782,Ashley,Jones,ajoneso8@disqus.com,China,maestro
60252076765,Steven,Lynch,slynchbh@umn.edu,China,laser
06499902610,Charles,Rice,cricejn@bloglines.com,Philippines,jcb
39665474835,Diane,Snyder,dsnydermn@live.com,Brazil,americanexpress
23566581141,Annie,Parker,aparker2k@netvibes.com,Nigeria,visa-electron
24902804469,Dennis,West,dwestjo@discovery.com,Switzerland,jcb
78524018034,Ralph,Reyes,rreyeshg@oracle.com,Czech Republic,switch
64055958152,Marilyn,Gordon,mgordonok@hugedomains.com,Philippines,visa-electron
12491816664,Michelle,Wagner,mwagner1s@europa.eu,China,jcb
95762171888,Raymond,Hart,rharto4@umich.edu,Latvia,jcb
56643922588,Theresa,Cunningham,tcunninghamh9@oaic.gov.au,Peru,mastercard
72376564202,Tina,Jenkins,tjenkinsq4@sun.com,Indonesia,jcb
56184082048,Katherine,Reynolds,kreynoldse9@home.pl,Egypt,americanexpress
72817343568,Kathy,Stevens,kstevensg1@go.com,Philippines,jcb
09433683974,Jesse,Morrison,jmorrison9a@yellowbook.com,Italy,maestro
96718455906,Kathryn,Gonzales,kgonzaleslo@a8.net,China,visa
78470326926,Nancy,Young,nyoung9u@berkeley.edu,Pakistan,jcb
18897487796,Marilyn,Fernandez,mfernandez50@jimdo.com,Indonesia,diners-club-carte-blanche
49179140887,Donna,Jenkins,djenkins4v@yellowbook.com,Philippines,jcb
73881143250,Sarah,Stone,sstonedd@sohu.com,Philippines,visa-electron
72307491746,Edward,Griffin,egriffin9j@youtu.be,Philippines,switch
10787390498,Christina,Perry,cperrye1@zimbio.com,Malaysia,mastercard
61003687810,Ernest,Lane,elanedf@topsy.com,China,diners-club-carte-blanche
57563380861,Bobby,Myers,bmyersng@flickr.com,China,visa
78655796689,Eugene,Reed,ereedpc@yellowpages.com,Mauritius,china-unionpay
97135298062,Ruby,Young,ryoungmv@java.com,Serbia,jcb
58133348227,Lisa,Jenkins,ljenkinsqp@xrea.com,Poland,jcb
79925340126,Marie,Hawkins,mhawkinso@eepurl.com,China,jcb
00510083966,Scott,Cooper,scooperl9@usnews.com,Brazil,jcb
15251343116,Walter,James,wjames6v@digg.com,China,diners-club-enroute
56857997631,Howard,Henderson,hhendersonel@timesonline.co.uk,Iran,bankcard
91558095958,Sandra,Stewart,sstewart87@hugedomains.com,Indonesia,jcb
44007088030,Howard,Stanley,hstanleya2@1688.com,China,visa-electron
50660405880,Linda,Smith,lsmithb9@meetup.com,Indonesia,americanexpress
73393901348,Harold,Johnston,hjohnstonjj@bravesites.com,Indonesia,jcb
05491848803,Clarence,Martin,cmartin2g@csmonitor.com,Philippines,solo
41982934637,James,Taylor,jtaylor1t@multiply.com,Greece,diners-club-carte-blanche
33749156644,Ryan,Gutierrez,rgutierrezhe@samsung.com,Poland,jcb
18230725219,Jane,Carter,jcarterbe@netscape.com,Poland,jcb
25080028814,Jerry,Mitchell,jmitchellc1@blog.com,Zambia,china-unionpay
50050087322,Gerald,Gray,ggraya4@issuu.com,Ukraine,jcb
14138533095,Mark,Gutierrez,mgutierrez8@goo.ne.jp,Russia,bankcard
16677975503,Carl,Sanchez,csanchezga@smugmug.com,Indonesia,mastercard
18784781974,Lawrence,Hanson,lhanson9u@acquirethisname.com,Indonesia,mastercard
02324016215,Joe,Wright,jwrightp7@slate.com,China,jcb
41067700605,Fred,Hicks,fhicksks@comsenz.com,Ivory Coast,jcb
82695928814,Rebecca,Murray,rmurrayhx@nature.com,Ireland,jcb
79355323289,Kelly,Fowler,kfowlerqb@google.co.jp,Portugal,jcb
45813348264,Virginia,Collins,vcollinsdb@symantec.com,Croatia,diners-club-carte-blanche
17016476602,Frank,Hudson,fhudson2u@icio.us,Brazil,jcb
17671200594,Ann,Bowman,abowmanmx@webeden.co.uk,China,jcb
78526491624,Chris,Phillips,cphillipsrh@ft.com,Czech Republic,mastercard
88036261800,Benjamin,Thomas,bthomasr6@netscape.com,Russia,maestro
40076812886,Lisa,Garrett,lgarrettpc@nasa.gov,Czech Republic,americanexpress
69282192029,Tina,Simmons,tsimmonsi7@nydailynews.com,China,switch
40303493499,Donald,Mendoza,dmendozahv@webnode.com,France,bankcard
